﻿PrePost,AGE,GRAVIDA,PARA,HypertensiveDisorders,MaternalDiabetes,ModeDelivery,FetalDistress,ProlongedRupture,Chorioamnionitis,Sepsis,GestationalAge,Gender,BirthWeight,APGAR1,APGAR5,MeconiumConsistency,PPV,EndotrachealSuction,MeconiumRecovered,CardiopulmonaryResuscitation,ReasonAdmission,RespiratoryReasonAdmission,RespiratoryDistressSyndrome,TransientTachypnea,MeconiumAspirationSyndrome,OxygenTherapy,MechanicalVentilation,Surfactant,Pneumothorax,AntibioticsDuration,Breastfeeding,LengthStay,SNAPPE_II_SCORE
1,30,1,1,0,1,CS,1,0,1,NEG CULTURES,36.6,M,2.65,0,3,THICK,1,1,1,1,RESP,1,0,0,1,0,1,0,0,7,0,9,25
1,32,1,1,0,1,VAGINAL,0,0,1,NEG CULTURES,39.1,M,4.58,1,4,THIN,1,1,1,0,OTHER,0,0,0,0,0,1,0,0,2,1,14,18
1,34,1,1,0,0,VAGINAL,0,0,0,NEG CULTURES,38.4,M,3.98,7,9,THICK,0,1,1,0,RESP,1,1,0,0,0,1,0,0,10,0,28,16
1,22,1,1,0,0,VAGINAL,0,0,0,NO CULTURES,39,F,3.43,4,8,THIN,1,1,0,0,RESP,1,1,0,0,1,0,0,1,0,1,3,18
1,32,1,1,0,0,VAGINAL,0,0,0,NO CULTURES,41.4,M,3.76,1,4,THICK,1,1,0,0,RESP,1,1,0,0,1,0,0,1,2,1,3,18
1,30,1,1,0,0,VAGINAL,0,0,0,NO CULTURES,40.4,F,3.81,2,7,THIN,1,1,0,0,RESP,1,1,0,0,0,1,0,0,0,1,4,18
1,34,1,1,0,0,CS,1,0,1,NEG CULTURES,41.2,M,2.59,2,8,THICK,1,1,0,0,CHORIOAMNIONITIS,0,0,0,0,1,0,0,0,2,1,4,37
1,28,1,1,0,0,VAGINAL,0,1,1,NEG CULTURES,40.1,F,3.23,2,7,THICK,1,1,0,0,RESP,1,0,0,1,1,0,0,0,5,0,4,18
1,31,2,2,0,0,VAGINAL,0,1,1,NEG CULTURES,41.6,M,3.95,2,4,THIN,1,1,0,0,RESP,1,1,1,0,1,0,0,1,2,0,5,18
1,32,1,1,0,0,VAGINAL,0,0,0,NO CULTURES,41.1,F,4.01,5,7,THICK,1,1,0,0,RESP,1,1,0,0,1,0,0,1,2,1,5,34
1,24,5,4,0,1,VAGINAL,0,0,1,POS CULTURES,38.2,M,3.28,2,7,THICK,1,1,0,0,CHORIOAMNIONITIS,0,1,0,0,1,0,0,1,5,1,6,23
1,31,3,1,0,0,VAGINAL,0,1,1,NEG CULTURES,40.2,M,3.605,3,7,THICK,1,1,0,0,RESP,1,0,0,0,1,0,0,0,5,0,7,0
1,31,1,1,0,0,VAGINAL,0,0,1,NEG CULTURES,40.2,F,3.33,2,4,THIN,1,1,0,0,RESP,1,0,0,0,1,0,0,0,7,1,8,18
1,29,2,1,0,1,CS,1,0,1,NEG CULTURES,37,M,2.68,2,1,THICK,1,1,0,1,OTHER,0,1,0,0,0,1,0,0,2,0,15,34
1,32,2,2,0,0,CS,1,0,0,NEG CULTURES,38,M,3.32,7,8,THICK,1,1,0,0,RESP,1,1,0,0,0,1,0,1,7,1,28,0
1,31,1,1,0,0,VAGINAL,0,1,1,NEG CULTURES,37.1,M,2.53,6,9,THICK,1,0,0,0,CHORIOAMNIONITIS,0,0,0,0,1,0,0,0,1.5,1,2,18
1,39,2,1,0,0,VAGINAL,0,0,1,NEG CULTURES,39.3,M,4.02,3,6,THIN,1,0,0,0,RESP,1,0,0,0,1,0,0,0,2,1,2,18
1,33,1,1,0,0,VAGINAL,0,1,1,NEG CULTURES,40.1,F,3.43,7,9,THIN,1,0,0,0,CHORIOAMNIONITIS,0,0,0,0,0,0,0,0,1.5,1,2,0
1,23,2,1,0,0,CS,1,0,1,NEG CULTURES,40.3,M,3.41,7,9,THICK,0,0,0,0,CHORIOAMNIONITIS,0,0,0,0,0,0,0,0,2,0,2,0
1,34,1,1,0,0,VAGINAL,0,0,1,NEG CULTURES,40.5,F,3.37,6,9,THICK,1,0,0,0,CHORIOAMNIONITIS,0,0,0,0,0,0,0,0,2,1,2,18
1,29,7,4,0,0,VAGINAL,0,1,0,NO CULTURES,41,F,3.55,7,9,THICK,0,0,0,0,RESP,1,0,1,0,1,0,0,0,2,0,2,0
1,36,2,1,0,0,CS,1,0,0,NO CULTURES,40,F,3.9,1,7,THIN,1,0,0,0,RESP,1,0,0,0,1,0,0,0,0,1,3,18
1,33,2,2,0,0,VAGINAL,0,1,1,NEG CULTURES,40.2,F,2.97,3,7,THICK,1,0,0,0,RESP,1,0,0,0,1,0,0,0,2,0,3,30
1,28,5,2,0,0,VAGINAL,0,1,1,NEG CULTURES,41.6,F,3.95,7,9,THICK,0,0,0,0,CHORIOAMNIONITIS,0,0,0,1,0,0,0,0,2,0,3,0
1,29,4,3,0,0,CS,0,0,1,NEG CULTURES,40,F,4.31,7,9,THIN,0,0,0,0,CHORIOAMNIONITIS,0,0,0,0,0,0,0,0,1.5,0,3,0
1,47,1,1,0,0,VAGINAL,0,1,1,NEG CULTURES,40.4,F,3.55,7,9,THICK,0,0,0,0,CHORIOAMNIONITIS,0,0,0,0,0,0,0,0,1.5,1,3,0
1,31,1,1,0,0,VAGINAL,0,0,0,NO CULTURES,40.6,M,3.54,6,9,THICK,1,0,0,0,RESP,1,0,1,0,0,0,0,0,0,1,3,18
1,36,1,1,0,0,VAGINAL,0,0,1,NEG CULTURES,39.6,M,2.63,2,9,THIN,1,0,0,0,RESP,1,0,0,0,0,0,0,0,2,0,3,18
1,28,1,1,0,1,CS,1,0,1,NEG CULTURES,39.6,M,3.71,6,9,THICK,0,0,0,0,CHORIOAMNIONITIS,0,0,0,0,0,0,0,0,2,1,3,18
1,28,2,1,0,0,VAGINAL,0,0,0,NO CULTURES,37.2,M,2.52,6,8,THICK,0,0,0,0,RESP,1,0,1,0,0,0,0,0,0,1,3,30
1,30,1,1,0,0,CS,1,1,0,NO CULTURES,39.1,M,3.34,7,8,THIN,0,0,0,0,RESP,1,0,0,0,0,0,0,0,2,1,3,0
1,36,2,1,0,0,CS,1,0,0,NO CULTURES,41,F,2.95,4,8,THICK,0,0,0,0,RESP,1,0,0,0,0,0,0,0,0,1,3,18
1,34,1,1,0,0,VAGINAL,0,0,0,NO CULTURES,39,M,3.19,2,7,THICK,1,0,0,0,RESP,1,0,1,0,0,0,0,0,0,0,3,18
1,36,1,1,0,0,CS,1,0,1,NEG CULTURES,39.6,F,3.64,4,6,THIN,0,0,0,0,RESP,1,0,1,0,1,0,0,0,1.5,0,3,18
1,27,1,1,0,0,CS,1,0,0,NO CULTURES,40.5,M,3.3,1,6,THIN,1,0,0,0,RESP,1,0,0,0,0,1,0,0,0,0,3,18
1,36,1,1,0,0,VAGINAL,0,0,0,NO CULTURES,40.6,M,3.34,7,8,THIN,0,0,0,0,RESP,1,0,1,0,1,0,0,1,0,1,3,0
1,27,3,3,0,0,VAGINAL,0,0,0,NO CULTURES,38,F,4,7,8,THIN,1,0,0,0,RESP,1,0,1,0,1,0,0,0,0,0,3,0
1,30,1,1,0,0,CS,1,0,1,NEG CULTURES,40.2,F,4.05,6,8,THICK,0,0,0,0,CHORIOAMNIONITIS,0,0,1,0,1,0,0,0,1.5,0,3,23
1,29,2,2,0,1,CS,1,0,1,NEG CULTURES,38,F,3.84,6,9,THIN,0,0,0,0,CHORIOAMNIONITIS,0,0,0,0,0,0,0,0,2,1,4,0
1,21,2,1,0,0,CS,1,0,0,NO CULTURES,39.3,M,2.74,3,5,THIN,1,0,0,0,RESP,1,0,1,0,1,0,0,0,0,1,4,3
1,28,1,1,0,0,CS,1,0,1,NEG CULTURES,40.2,M,2.99,5,9,THICK,1,0,0,0,CHORIOAMNIONITIS,0,0,0,0,0,0,0,0,3,1,4,18
1,27,2,1,0,0,VAGINAL,0,0,1,NEG CULTURES,40.6,M,3.96,6,7,THIN,0,0,0,0,CHORIOAMNIONITIS,0,0,0,0,0,0,0,0,2,1,4,18
1,38,1,1,0,0,VAGINAL,0,1,1,NEG CULTURES,40.3,F,3.98,5,9,THICK,1,0,0,0,CHORIOAMNIONITIS,0,0,0,0,0,0,0,0,2,1,4,18
1,28,2,1,0,0,CS,1,0,0,NO CULTURES,40.3,M,3.62,2,8,THICK,1,0,0,0,RESP,1,0,1,0,1,0,0,0,0,1,4,18
1,30,1,1,0,0,CS,1,0,0,NO CULTURES,41,F,3.7,2,8,THIN,1,0,0,0,RESP,1,0,1,0,1,0,0,0,0,1,4,18
1,41,7,9,0,0,CS,1,0,1,NEG CULTURES,40.3,M,3.37,3,7,THIN,1,0,0,0,CHORIOAMNIONITIS,0,0,0,0,0,0,0,0,1,1,4,18
1,29,3,1,0,0,VAGINAL,0,1,0,NEG CULTURES,41,M,4.1,4,8,THIN,1,0,0,0,CHORIOAMNIONITIS,0,0,0,0,1,0,0,0,2,0,4,18
1,34,1,1,0,0,CS,1,0,1,NEG CULTURES,40.5,F,3.55,2,8,THIN,1,0,0,0,RESP,1,0,0,0,0,0,0,0,2,1,4,18
1,30,1,1,0,0,CS,1,1,0,NO CULTURES,41,F,3.98,1,3,THIN,1,0,0,1,RESP,1,0,0,0,0,1,0,0,2,1,4,23
1,29,1,1,1,0,VAGINAL,0,0,1,NEG CULTURES,41.2,F,3.97,4,7,THIN,1,0,0,0,RESP,1,0,0,0,1,0,0,0,2,1,4,25
1,26,3,1,0,0,VAGINAL,0,0,0,NO CULTURES,40.4,M,3.25,7,9,THICK,1,0,0,0,RESP,1,0,1,0,0,0,0,0,0,1,4,0
1,31,1,1,0,0,CS,1,0,0,NO CULTURES,40.4,M,3.54,3,8,THICK,1,0,0,0,RESP,1,0,1,0,1,0,0,0,0,0,4,18
1,37,2,1,0,1,VAGINAL,0,0,1,NEG CULTURES,40.5,F,2.99,6,8,THICK,0,0,0,0,RESP,1,1,0,0,1,0,0,1,2,1,5,42
1,28,6,3,0,0,CS,1,0,1,NEG CULTURES,40.3,F,3.81,1,7,THICK,1,0,0,0,RESP,1,0,0,0,1,0,0,0,2,0,5,34
1,36,4,1,0,0,VAGINAL,0,1,1,NEG CULTURES,39.6,M,3.31,2,8,THIN,1,0,0,0,RESP,1,0,0,1,1,0,0,0,1.5,1,5,18
1,22,2,1,0,0,CS,1,0,0,NO CULTURES,39.3,M,3.84,4,9,THICK,1,0,0,0,RESP,1,0,0,1,1,0,0,0,2,1,5,23
1,38,3,3,0,0,CS,1,0,1,NEG CULTURES,41.2,M,3.5,7,8,THIN,0,0,0,0,CHORIOAMNIONITIS,0,0,0,0,0,0,0,0,2,1,5,0
1,29,4,3,0,1,VAGINAL,0,0,1,NEG CULTURES,38.6,F,3.1,7,9,THICK,0,0,0,0,CHORIOAMNIONITIS,0,0,0,0,0,0,0,0,5,1,5,0
1,31,1,1,0,0,VAGINAL,0,0,0,NO CULTURES,40,M,3.95,4,7,THICK,0,0,0,0,RESP,1,0,0,0,0,0,0,0,0,1,5,0
1,27,1,1,0,1,CS,1,0,1,NEG CULTURES,41,F,4.12,2,6,THICK,1,0,0,0,RESP,1,0,1,0,0,0,0,0,5,1,5,18
1,26,1,1,0,0,VAGINAL,0,0,1,NEG CULTURES,41.1,M,3.31,5,8,THICK,0,0,0,0,CHORIOAMNIONITIS,0,0,0,0,0,0,0,0,2,1,5,18
1,30,1,1,0,0,CS,1,0,0,NEG CULTURES,39,M,2.89,2,9,THICK,1,0,0,0,RESP,1,0,1,0,1,0,0,0,2,0,5,34
1,37,1,1,0,0,VAGINAL,0,0,0,NO CULTURES,40.3,M,3.29,7,8,THIN,0,0,0,0,RESP,1,0,1,0,1,0,0,1,0,1,5,0
1,21,1,1,0,0,CS,1,0,0,NO CULTURES,39,M,2.37,6,7,THIN,0,0,0,0,OTHER,0,0,1,0,0,0,0,1,0,1,5,25
1,28,1,1,0,0,VAGINAL,0,1,1,NEG CULTURES,40.6,M,3.27,3,6,THIN,1,0,0,0,CHORIOAMNIONITIS,0,0,1,0,1,0,0,0,2,0,5,18
1,32,3,2,0,0,CS,1,0,0,NO CULTURES,36.3,M,3.92,2,7,THICK,1,0,0,0,RESP,1,0,1,0,1,0,0,0,0,1,5,18
1,39,6,5,0,1,CS,0,0,1,NEG CULTURES,38.1,M,2.83,1,4,THIN,1,0,0,0,RESP,1,0,0,0,0,1,0,0,2,1,6,42
1,24,1,1,0,0,CS,1,0,1,NEG CULTURES,40,M,4.06,7,9,THIN,0,0,0,0,RESP,1,0,0,1,1,0,0,0,5,1,6,0
1,32,2,1,0,0,VAGINAL,0,0,1,NEG CULTURES,40.5,M,3.63,6,8,THICK,1,0,0,0,CHORIOAMNIONITIS,0,0,0,1,1,0,0,0,2,1,6,18
1,26,1,1,0,0,CS,1,0,1,NEG CULTURES,40,M,3.82,6,9,THIN,1,0,0,0,CHORIOAMNIONITIS,0,0,1,0,0,0,0,0,2,1,6,18
1,38,4,4,0,0,VAGINAL,0,0,1,NEG CULTURES,40.5,M,3.14,1,9,THIN,1,0,0,0,CHORIOAMNIONITIS,0,0,0,0,0,0,0,0,5,0,6,18
1,16,1,1,0,0,CS,1,0,1,NEG CULTURES,40,M,3.65,4,7,THIN,1,0,0,0,RESP,1,0,0,0,1,0,0,0,5,1,6,18
1,26,1,1,0,0,VAGINAL,0,0,0,NO CULTURES,37.6,M,3.19,3,8,THIN,1,0,0,0,OTHER,0,0,1,0,0,0,0,0,0,0,6,25
1,30,2,1,0,0,CS,1,1,1,NEG CULTURES,40.3,M,3.16,2,5,THIN,1,0,0,0,RESP,1,0,1,0,1,0,0,0,3,1,6,18
1,25,2,1,0,0,VAGINAL,0,0,1,NEG CULTURES,39.2,M,3.37,4,7,THIN,0,0,0,0,RESP,1,0,1,0,1,0,0,0,2,0,6,25
1,33,2,1,0,0,VAGINAL,0,0,0,NO CULTURES,39.3,M,3.15,3,8,THIN,1,0,0,0,RESP,1,0,1,0,0,1,0,0,1.5,1,6,25
1,35,3,1,0,0,CS,1,0,0,NO CULTURES,40.5,F,3.5,1,7,THICK,1,0,0,0,RESP,1,0,0,0,0,1,0,0,3,1,7,7
1,20,2,1,0,0,VAGINAL,0,0,1,NEG CULTURES,40.3,M,3.01,5,5,THICK,1,0,0,0,RESP,1,0,0,1,0,1,0,0,7,1,7,18
1,32,4,2,0,0,CS,0,1,1,NEG CULTURES,39.4,F,2.99,0,3,THICK,1,0,0,1,RESP,1,0,0,1,1,0,0,0,5,0,7,18
1,23,4,1,0,1,VAGINAL,0,0,1,NEG CULTURES,38.5,F,3.39,5,7,THIN,1,0,0,0,RESP,1,0,0,1,1,0,0,0,7,0,7,25
1,32,2,2,0,1,CS,1,0,1,NEG CULTURES,36,F,2.83,6,9,THIN,1,0,0,0,RESP,1,0,0,1,1,0,0,0,2,1,7,25
1,32,1,1,0,0,VAGINAL,0,1,0,NEG CULTURES,39.2,M,3.09,5,9,THICK,1,0,0,0,CHORIOAMNIONITIS,0,0,1,0,0,0,0,0,2,0,7,18
1,27,3,3,0,1,VAGINAL,0,0,1,NEG CULTURES,38.6,F,3.81,7,9,THICK,0,0,0,0,CHORIOAMNIONITIS,0,0,0,0,0,0,0,0,2,1,7,0
1,32,1,1,0,0,VAGINAL,0,0,0,NO CULTURES,38,M,3.12,2,8,THICK,1,0,0,0,RESP,1,0,0,0,0,0,0,0,0,1,7,18
1,29,2,2,0,0,CS,0,0,1,NEG CULTURES,39.4,M,3.51,3,8,THIN,0,0,0,0,RESP,1,0,1,0,0,0,0,0,1.5,1,7,39
1,34,1,1,0,1,VAGINAL,0,0,1,NEG CULTURES,37,F,3.36,7,9,THIN,0,0,0,0,RESP,1,0,1,0,1,0,0,0,2,1,7,0
1,36,1,1,0,0,CS,1,0,0,NO CULTURES,36.4,M,3.17,6,7,THIN,1,0,0,0,RESP,1,0,1,0,1,0,0,0,0,1,7,18
1,35,1,1,0,0,VAGINAL,0,0,1,NEG CULTURES,40.2,F,3.74,1,8,THICK,0,0,0,0,RESP,1,0,0,0,1,0,0,0,7,0,8,18
1,20,2,1,0,1,CS,1,0,1,NEG CULTURES,39.6,M,3.35,2,7,THIN,1,0,0,0,RESP,1,0,1,0,0,1,0,0,1.5,1,8,34
1,34,5,1,0,0,CS,1,0,1,NEG CULTURES,41.4,M,4.21,7,8,THIN,0,0,0,0,CHORIOAMNIONITIS,0,0,0,0,1,0,0,0,2,1,10,0
1,25,1,1,0,0,CS,1,0,0,NO CULTURES,40.3,M,2.99,6,7,THICK,0,0,0,0,RESP,1,1,0,0,0,1,0,0,7,0,11,23
1,21,1,1,0,0,VAGINAL,0,0,0,NO CULTURES,38.6,M,3.82,3,7,THICK,1,0,0,0,RESP,1,0,0,1,0,1,1,0,5,1,11,23
1,26,1,1,0,0,VAGINAL,0,0,0,NO CULTURES,37.6,F,3.98,6,8,THIN,1,0,0,0,OTHER,0,0,1,0,1,0,0,0,2,1,11,0
1,27,3,2,0,0,CS,0,0,1,NEG CULTURES,39.5,F,3.44,5,7,THICK,1,0,0,0,RESP,1,0,0,1,0,1,0,0,2,0,13,18
1,36,3,1,0,0,VAGINAL,0,0,0,NO CULTURES,40.6,F,2.63,4,8,THIN,1,0,0,0,RESP,1,0,0,0,1,0,0,0,5,1,14,34
1,32,2,2,0,0,CS,0,0,1,NEG CULTURES,40.3,F,2.41,3,5,THICK,1,0,0,0,RESP,1,0,0,0,1,0,0,0,5,0,14,56
1,23,1,1,0,0,VAGINAL,0,0,0,NEG CULTURES,40.3,M,3.33,1,5,THICK,1,0,0,0,RESP,1,0,0,1,0,1,0,0,7,1,14,39
1,24,3,2,0,0,VAGINAL,0,0,0,NO CULTURES,37.1,F,1.99,7,9,THIN,0,0,0,0,OTHER,0,0,0,0,0,0,0,0,0,0,14,30
1,24,2,1,1,0,CS,1,0,1,NEG CULTURES,40.1,M,3.18,0,3,THICK,1,0,0,1,CHORIOAMNIONITIS,0,1,0,0,0,1,0,1,1.5,1,21,0
1,30,4,2,0,0,CS,1,0,0,NO CULTURES,41.2,F,3.86,1,3,THICK,1,0,0,1,RESP,1,1,0,0,0,1,0,0,5,1,28,23
1,36,1,1,0,0,CS,0,0,0,NEG CULTURES,40.1,F,4.38,0,1,THICK,1,0,0,1,RESP,1,0,0,1,0,1,1,0,5,1,28,53
1,36,1,1,0,0,CS,1,0,0,NO CULTURES,38.1,F,3.05,7,9,THIN,0,0,0,0,OTHER,0,0,0,0,0,0,0,0,0,0,28,0
1,33,3,1,0,0,VAGINAL,0,0,0,POS CULTURES,40.2,M,4.09,6,8,THICK,0,0,0,0,CHORIOAMNIONITIS,0,0,0,0,0,0,0,0,21,0,28,18
1,30,1,1,0,0,VAGINAL,0,0,0,NO CULTURES,39,M,3.18,6,7,THICK,1,0,0,0,RESP,1,0,0,1,0,1,1,0,5,1,31,12
1,36,6,4,0,1,CS,0,0,1,NEG CULTURES,37.1,F,2.66,1,3,THICK,1,0,0,0,RESP,1,0,0,1,0,1,0,0,16,1,41,65
1,22,1,1,0,0,VAGINAL,0,0,0,NO CULTURES,37.5,F,2.66,1,3,THICK,1,0,0,0,RESP,1,0,0,1,0,1,0,0,16,1,42,78
0,19,2,2,0,0,VAGINAL,0,0,1,NEG CULTURES,40.1,M,3.2,5,7,THIN,1,1,1,0,RESP,1,0,0,1,1,0,0,1,2,0,10,39
0,25,1,1,0,0,VAGINAL,0,0,0,NEG CULTURES,38,F,1.94,4,8,THICK,1,1,1,0,RESP,1,1,0,0,0,1,1,1,1.5,0,21,42
0,26,1,1,0,0,CS,1,0,0,NO CULTURES,37.5,M,1.97,7,8,THIN,0,1,1,0,OTHER,0,0,0,0,0,0,0,0,0,1,7,12
0,27,2,1,0,0,VAGINAL,0,1,0,NO CULTURES,40.3,M,3.35,7,8,THICK,0,1,1,0,OTHER,0,0,0,0,0,0,0,0,0,1,3,0
0,28,2,2,0,0,VAGINAL,0,0,0,NO CULTURES,39.2,F,3.28,6,8,THICK,1,1,1,0,RESP,1,0,0,0,0,0,0,1,0,1,4,18
0,29,2,2,0,0,VAGINAL,0,0,0,NO CULTURES,39.1,F,3.65,7,7,THIN,1,1,1,0,RESP,1,0,1,0,1,0,0,0,0,1,4,30
0,30,1,1,0,0,VAGINAL,0,1,1,NEG CULTURES,38.2,M,3.61,7,9,THIN,0,1,1,0,CHORIOAMNIONITIS,0,0,0,0,0,0,0,0,2,1,3,0
0,30,5,2,0,0,CS,0,0,1,NEG CULTURES,39.5,F,3.65,4,5,THICK,0,1,1,0,RESP,1,1,0,0,0,1,0,1,5,0,7,25
0,30,4,3,0,0,CS,0,0,1,NEG CULTURES,41.3,F,3.94,5,7,THICK,1,1,1,0,CHORIOAMNIONITIS,0,0,0,1,0,1,0,0,5,1,16,41
0,32,1,1,0,0,VAGINAL,0,0,1,NEG CULTURES,40.1,F,2.97,3,8,THIN,1,1,1,0,OTHER,0,0,0,0,0,0,0,0,5,1,7,18
0,33,1,1,0,0,CS,1,1,1,NEG CULTURES,39.4,F,3.04,2,6,THIN,1,1,1,0,CHORIOAMNIONITIS,0,0,1,0,1,0,0,0,2,1,4,34
0,34,1,1,0,0,CS,1,0,1,NEG CULTURES,39.5,M,4.03,7,8,THICK,0,1,1,0,CHORIOAMNIONITIS,0,0,0,0,0,0,0,0,2,0,4,0
0,34,1,1,0,0,CS,1,0,1,NEG CULTURES,41.4,F,3.37,6,8,THICK,0,1,1,0,CHORIOAMNIONITIS,0,0,0,1,1,0,0,0,2,1,6,18
0,34,1,1,0,0,VAGINAL,0,1,1,NEG CULTURES,37.1,M,3.62,7,8,THICK,0,1,1,0,RESP,1,0,1,0,1,0,0,0,5,1,7,0
0,34,2,2,0,0,VAGINAL,0,0,0,NO CULTURES,41,F,2.98,6,8,THICK,1,1,1,0,RESP,1,0,0,1,1,0,0,0,7,0,14,18
0,37,1,1,0,0,CS,1,0,0,NO CULTURES,40.6,F,3.61,2,8,THICK,1,1,1,0,RESP,1,0,0,0,0,0,0,0,0,1,3,18
0,41,2,1,0,0,CS,1,0,1,NEG CULTURES,39.6,M,3.35,1,5,THIN,1,1,1,0,RESP,1,0,0,0,1,0,0,0,2,1,19,34
0,45,1,1,0,0,VAGINAL,0,0,1,NEG CULTURES,40.2,M,3.76,3,9,THICK,1,1,1,0,CHORIOAMNIONITIS,0,0,0,0,0,0,0,0,2,1,5,18
0,19,1,1,0,0,VAGINAL,0,,,NEG CULTURES,37,M,2.42,4,8,THIN,0,1,1,0,CHORIOAMNIONITIS,0,0,0,0,0,0,0,0,2,0,3,30
0,19,1,1,0,0,VAGINAL,0,0,0,NO CULTURES,38.4,F,2.97,3,9,THICK,1,1,1,0,RESP,1,0,1,0,1,0,0,0,0,1,4,30
0,27,6,2,0,0,VAGINAL,0,1,1,NEG CULTURES,41.1,F,3.29,5,8,THICK,1,1,1,0,CHORIOAMNIONITIS,0,0,1,0,0,0,0,1,2,1,5,18
0,30,1,1,0,0,VAGINAL,0,1,1,NEG CULTURES,40,M,3.74,6,9,THICK,0,1,1,0,CHORIOAMNIONITIS,0,0,1,0,1,0,0,0,2,1,4,0
0,31,3,3,0,0,CS,0,0,1,NEG CULTURES,40.5,F,3.65,1,7,THICK,1,1,1,0,RESP,1,1,0,0,0,1,0,1,2,1,4,18
0,32,1,1,0,0,VAGINAL,0,0,0,NO CULTURES,41.5,F,4.32,5,7,THICK,1,1,1,0,RESP,1,0,0,1,0,0,0,0,0,0,3,18
0,33,2,1,0,0,CS,1,0,1,NEG CULTURES,41,F,4.05,2,7,THICK,1,1,1,0,RESP,1,0,0,0,0,1,0,0,2,1,3,18
0,36,1,1,0,0,VAGINAL,0,0,0,NO CULTURES,40.3,M,3.46,4,7,THIN,1,1,1,0,RESP,1,0,0,0,1,0,0,0,0,1,7,34
0,38,2,2,0,1,VAGINAL,0,0,1,NEG CULTURES,39.4,M,3.59,2,6,THICK,1,1,1,0,CHORIOAMNIONITIS,0,0,1,0,1,0,0,0,2,0,10,18
0,18,2,1,0,0,VAGINAL,0,0,1,NEG CULTURES,40.4,M,4.41,7,8,THICK,0,1,1,0,CHORIOAMNIONITIS,0,0,0,0,0,0,0,0,2,1,3,0
0,20,2,1,0,0,CS,1,0,1,NEG CULTURES,40.3,F,3.78,3,7,THICK,1,1,1,0,RESP,1,0,1,0,0,0,0,0,2,1,3,18
0,22,2,2,0,0,CS,1,0,0,NO CULTURES,40.1,F,3.6,7,9,THIN,0,1,1,0,RESP,1,0,1,0,0,0,0,0,0,1,3,0
0,19,3,3,0,1,VAGINAL,0,0,1,NEG CULTURES,38,M,3.83,2,3,THICK,1,1,0,0,RESP,1,0,0,0,1,0,0,0,2,1,21,53
0,22,2,2,0,0,VAGINAL,0,0,1,NEG CULTURES,39,F,3.1,4,8,THIN,1,1,0,0,RESP,1,0,1,0,1,0,0,0,2,1,3,18
0,24,4,4,0,0,VAGINAL,0,0,1,NEG CULTURES,40.1,M,3.45,7,8,THICK,0,1,0,0,CHORIOAMNIONITIS,0,0,1,0,0,0,0,0,5,0,6,0
0,24,4,1,0,0,CS,0,0,0,NEG CULTURES,40,M,3.29,4,6,THICK,1,1,0,0,RESP,1,0,0,1,0,1,0,0,5,1,13,58
0,25,4,2,0,0,CS,1,0,0,NO CULTURES,40.5,M,3.96,7,8,THICK,0,1,0,0,RESP,1,0,0,1,1,0,0,0,0,0,3,0
0,28,1,1,0,0,VAGINAL,0,0,1,NEG CULTURES,39,F,3.43,3,5,THIN,1,1,0,0,OTHER,0,0,1,0,0,0,0,0,2,1,5,18
0,29,1,1,0,0,VAGINAL,0,1,0,NEG CULTURES,40.3,M,3.4,3,8,THICK,1,1,0,0,RESP,1,0,0,1,1,0,0,0,0,1,3,25
0,31,1,1,1,0,VAGINAL,0,1,1,NEG CULTURES,41.3,M,3.77,2,5,THICK,1,1,0,0,RESP,1,0,0,1,0,1,0,0,2,0,3,5
0,31,3,2,0,0,VAGINAL,0,1,1,NEG CULTURES,41,F,3.76,5,6,THICK,1,1,0,0,RESP,1,0,0,1,0,1,0,1,5,1,6,18
0,31,1,1,0,0,VAGINAL,0,0,1,NEG CULTURES,40.3,F,2.7,5,9,THICK,0,1,0,0,CHORIOAMNIONITIS,0,0,1,0,0,0,0,0,2,1,7,30
0,32,3,3,0,0,CS,1,0,0,NO CULTURES,42,M,4.41,5,7,THICK,1,1,0,0,RESP,1,0,0,1,0,1,0,0,5,0,5,18
0,33,3,1,0,0,VAGINAL,0,0,0,NO CULTURES,40.3,F,3.33,3,7,THICK,1,1,0,0,RESP,1,0,1,0,1,0,0,1,0,1,7,23
0,34,3,3,0,0,VAGINAL,0,0,0,NO CULTURES,40,M,4.21,3,9,THIN,1,1,0,0,OTHER,0,0,0,0,0,0,0,0,0,1,4,18
0,34,1,1,0,0,VAGINAL,0,0,0,NEG CULTURES,39.1,F,4.63,7,8,THICK,1,1,0,0,RESP,1,1,0,0,1,0,0,0,2,0,28,16
0,40,4,2,0,0,CS,0,0,0,NO CULTURES,38,M,2.39,7,8,THIN,1,1,0,0,RESP,1,0,0,0,1,0,0,0,2,0,14,16
0,41,2,1,0,0,VAGINAL,0,1,1,NEG CULTURES,40.3,M,3.38,5,8,THIN,1,1,0,0,CHORIOAMNIONITIS,0,0,1,0,1,0,0,0,3,0,4,0
0,32,2,2,0,0,CS,1,0,1,NEG CULTURES,40.5,M,4.24,3,7,THIN,1,1,0,0,CHORIOAMNIONITIS,0,0,0,0,0,1,0,0,1.5,1,4,18
0,19,2,1,0,0,VAGINAL,0,0,0,NO CULTURES,39,M,3.96,2,7,THICK,1,1,0,0,RESP,1,0,1,0,1,0,0,0,5,1,6,30
0,19,1,1,0,0,CS,1,0,0,NO CULTURES,39.5,F,3.5,7,9,THICK,1,1,0,0,RESP,1,0,0,1,1,0,0,0,7,1,7,5
0,19,1,0,0,0,VAGINAL,0,0,0,NO CULTURES,36,M,2.5,6,6,THIN,1,1,0,0,OTHER,0,0,0,0,0,1,1,0,2,0,17,42
0,20,6,3,1,0,CS,1,0,1,NEG CULTURES,40.3,M,3.62,4,7,THICK,1,1,0,0,RESP,1,0,0,1,1,0,0,0,2,0,7,18
0,21,1,1,0,0,VAGINAL,0,0,1,NEG CULTURES,41,F,3.5,2,7,THICK,1,1,0,0,CHORIOAMNIONITIS,0,0,1,0,0,0,0,0,2,1,2,25
0,21,3,3,0,0,VAGINAL,0,0,1,NEG CULTURES,41.1,F,3.44,2,9,THICK,1,1,0,0,CHORIOAMNIONITIS,0,0,0,0,0,0,0,0,2,0,3,18
0,21,7,3,0,0,CS,1,0,1,NEG CULTURES,40,M,3.85,2,8,THICK,1,1,0,0,RESP,1,0,1,0,1,0,0,0,2,1,3,18
0,21,2,1,0,0,VAGINAL,0,0,0,NO CULTURES,40.3,F,3.12,6,7,THIN,0,1,0,0,RESP,1,0,0,0,0,0,0,0,0,1,4,0
0,21,2,2,0,0,VAGINAL,0,0,0,NO CULTURES,40.4,M,3.77,4,5,THICK,1,1,0,0,OTHER,0,0,1,0,1,0,0,0,5,1,12,58
0,21,1,1,0,0,CS,1,1,1,NEG CULTURES,39.4,M,4.27,2,8,THICK,1,1,0,0,RESP,1,1,0,0,1,0,0,1,21,1,21,18
0,22,3,2,0,0,CS,1,0,1,NEG CULTURES,40,F,3.42,6,8,THIN,0,1,0,0,CHORIOAMNIONITIS,0,0,0,0,0,0,0,0,2,1,3,18
0,22,3,1,0,1,VAGINAL,0,0,1,NEG CULTURES,39.5,M,3.34,3,9,THICK,1,1,0,0,CHORIOAMNIONITIS,0,0,0,0,0,0,0,0,2,0,3,18
0,23,1,1,0,0,VAGINAL,0,0,0,NO CULTURES,40,F,3.5,2,8,THIN,1,1,0,0,RESP,1,0,1,0,1,0,0,0,0,1,3,18
0,24,3,3,0,0,CS,1,0,1,NEG CULTURES,39.3,F,3.92,3,5,THIN,1,1,0,0,RESP,1,0,0,1,1,0,0,0,2,1,3,18
0,24,3,1,0,0,VAGINAL,0,1,1,NEG CULTURES,40.6,M,3,7,9,THICK,0,1,0,0,CHORIOAMNIONITIS,0,0,0,0,0,0,0,0,2,1,3,0
0,25,1,1,0,0,VAGINAL,0,1,1,NEG CULTURES,39.3,F,3,6,9,THICK,1,1,0,0,CHORIOAMNIONITIS,0,0,1,0,0,0,0,0,2,1,2,18
0,25,1,1,0,0,VAGINAL,0,0,0,NO CULTURES,37,M,2.58,4,7,THIN,0,1,0,0,OTHER,0,0,1,0,0,0,0,0,2,1,6,34
0,25,1,1,0,0,CS,1,0,0,NO CULTURES,40.1,F,3.32,7,9,THIN,0,1,0,0,OTHER,0,0,0,0,0,0,0,0,0,0,7,0
0,26,3,1,0,0,VAGINAL,0,1,0,NEG CULTURES,39.3,M,3.2,4,6,THICK,1,1,0,0,RESP,1,0,1,0,1,0,0,0,2,0,3,18
0,26,1,1,0,0,CS,1,0,1,NEG CULTURES,41,F,3.07,6,8,THICK,1,1,0,0,CHORIOAMNIONITIS,0,0,0,0,0,0,0,0,2,1,4,0
0,26,2,1,0,0,VAGINAL,0,0,1,NEG CULTURES,40.2,M,3.15,4,4,THIN,1,1,0,0,CHORIOAMNIONITIS,0,0,0,1,1,0,0,0,5,1,7,23
0,26,3,2,0,1,CS,0,0,1,NEG CULTURES,37.5,F,2.5,3,8,THICK,1,1,0,0,RESP,1,1,0,0,1,0,0,1,2,1,10,18
0,26,1,1,0,0,VAGINAL,0,0,0,NO CULTURES,39.1,M,3.31,4,8,THIN,0,1,0,0,RESP,1,0,1,0,1,0,0,0,0,1,14,18
0,27,3,1,0,1,VAGINAL,0,0,1,NEG CULTURES,40.1,M,3.94,7,9,THIN,1,1,0,0,CHORIOAMNIONITIS,0,0,0,0,0,0,0,0,2,1,2,0
0,27,2,1,0,0,VAGINAL,0,1,1,NEG CULTURES,38.1,M,3.33,7,9,THICK,0,1,0,0,CHORIOAMNIONITIS,0,0,0,0,0,0,0,0,2,0,3,0
0,27,10,1,1,0,VAGINAL,0,0,1,NEG CULTURES,41.2,M,3.86,7,8,THICK,0,0,0,0,CHORIOAMNIONITIS,0,0,0,0,0,0,0,0,2,0,4,0
0,27,1,1,0,0,CS,1,0,1,NEG CULTURES,41.5,M,3.87,7,9,THICK,0,0,0,0,CHORIOAMNIONITIS,0,0,0,0,0,0,0,0,1.5,1,4,0
0,27,1,1,0,0,VAGINAL,0,0,0,NEG CULTURES,40.1,M,3.7,1,9,THICK,1,0,0,0,RESP,1,0,0,0,1,0,0,1,2,0,4,0
0,27,1,1,0,0,VAGINAL,0,0,0,NO CULTURES,40.6,F,3.54,4,9,THIN,1,0,0,0,RESP,1,0,1,0,1,0,0,1,0,1,4,18
0,27,1,1,0,0,VAGINAL,0,0,1,NEG CULTURES,41,M,2.93,3,7,THIN,1,0,0,0,CHORIOAMNIONITIS,0,0,1,0,0,0,0,0,2,1,14,
0,27,1,1,0,0,VAGINAL,0,1,1,POS CULTURES,41.4,M,3.75,4,7,THICK,1,0,0,0,RESP,1,0,0,0,0,0,0,0,21,1,22,25
0,28,1,1,0,0,VAGINAL,0,0,0,NO CULTURES,38.5,F,3.61,5,8,THIN,1,0,0,0,RESP,1,0,0,1,0,0,0,0,0,1,3,0
0,28,3,2,0,0,VAGINAL,0,0,0,NO CULTURES,40.6,M,3.5,3,6,THICK,1,0,0,0,RESP,1,0,0,1,1,0,0,0,2,1,5,18
0,28,3,3,0,0,VAGINAL,0,0,1,NEG CULTURES,41,F,2.86,7,8,THICK,0,0,0,0,CHORIOAMNIONITIS,0,0,1,0,0,0,0,0,10,1,8,0
0,28,2,2,0,0,CS,1,0,0,NO CULTURES,39.5,M,3.58,7,8,THICK,1,0,0,0,RESP,1,0,0,1,0,1,1,0,7,0,23,23
0,29,2,2,0,0,CS,1,0,0,NO CULTURES,39.6,F,3.63,4,7,THIN,1,0,0,0,RESP,1,0,0,0,0,0,0,0,0,1,4,0
0,29,1,1,0,0,VAGINAL,0,0,0,NO CULTURES,36,F,2.51,7,8,THIN,0,0,0,0,OTHER,0,0,0,0,0,0,0,0,0,0,8,12
0,29,2,2,0,0,VAGINAL,0,0,0,NO CULTURES,38.5,M,3.53,1,5,THIN,1,0,0,0,RESP,1,0,0,0,0,1,0,0,1.5,1,13,53
0,30,2,1,0,0,VAGINAL,0,0,0,NO CULTURES,40.4,M,3.78,1,5,THICK,1,0,0,0,RESP,1,0,0,1,0,1,0,0,2,1,4,39
0,30,1,1,0,0,CS,1,0,0,NO CULTURES,41.2,F,3.59,3,9,THICK,1,0,0,0,RESP,1,0,0,1,1,0,0,0,5,1,6,18
0,31,1,1,0,0,CS,1,0,1,NEG CULTURES,40.3,F,3.72,3,9,THICK,1,0,0,0,RESP,1,0,0,0,1,0,0,0,2,1,3,18
0,31,1,1,0,0,VAGINAL,0,0,0,NO CULTURES,41.1,M,3.95,4,7,THIN,1,0,0,0,RESP,1,0,0,0,0,0,0,0,1.5,0,4,18
0,31,1,1,0,0,VAGINAL,0,0,1,NEG CULTURES,40.4,M,3.5,4,7,THICK,1,0,0,0,RESP,1,0,0,1,0,1,0,0,2,0,6,18
0,31,1,1,0,0,CS,1,1,1,NEG CULTURES,40.3,M,3.17,4,9,THICK,1,0,0,0,CHORIOAMNIONITIS,0,0,1,0,0,0,0,0,5,1,7,18
0,31,1,1,1,0,CS,0,1,1,NEG CULTURES,39.3,M,3.36,7,9,THICK,1,0,0,0,CHORIOAMNIONITIS,0,0,1,0,0,0,0,0,7,1,8,0
0,32,1,1,0,0,VAGINAL,0,0,0,NO CULTURES,36.6,M,2.85,1,6,THIN,1,0,0,0,RESP,1,0,0,0,1,0,0,0,0,0,4,18
0,32,1,1,0,0,CS,1,0,0,NO CULTURES,40,F,3.29,4,7,THIN,1,0,0,0,RESP,1,0,1,0,1,0,0,0,0,1,4,18
0,32,2,1,0,0,CS,1,0,0,NO CULTURES,41.5,F,3.31,4,8,THICK,1,0,0,0,RESP,1,0,0,0,0,0,0,1,2,0,5,18
0,32,2,1,0,0,VAGINAL,0,0,1,NEG CULTURES,41.5,M,3.4,3,6,THICK,1,0,0,0,RESP,1,0,1,0,1,0,0,0,2,1,7,25
0,32,1,1,0,0,CS,1,0,1,NEG CULTURES,39.1,M,3.85,3,7,THICK,1,0,0,0,CHORIOAMNIONITIS,0,0,0,1,1,0,0,0,7,1,9,18
0,32,1,1,0,1,VAGINAL,0,0,1,NEG CULTURES,39.5,M,3.23,4,8,THICK,1,0,0,0,RESP,1,0,0,1,1,0,0,0,5,1,11,18
0,32,1,1,0,0,CS,1,0,1,NEG CULTURES,41.3,F,3.06,2,7,THIN,1,0,0,0,RESP,1,0,0,1,0,1,0,0,5,0,16,45
0,32,1,1,0,0,VAGINAL,0,0,0,NEG CULTURES,41.2,F,3.2,0,0,THICK,1,0,0,0,RESP,1,1,0,0,0,1,0,1,1.5,0,56,67
0,33,2,1,0,0,VAGINAL,0,1,1,NEG CULTURES,39,F,3,1,5,THICK,1,0,0,0,RESP,1,1,0,0,1,0,0,1,2,1,5,25
0,34,1,1,0,0,CS,1,0,1,NEG CULTURES,40.1,M,3.86,3,8,THICK,1,0,0,0,CHORIOAMNIONITIS,0,0,0,1,0,0,0,0,2,1,3,18
0,34,1,1,0,0,VAGINAL,0,1,1,NEG CULTURES,40.6,M,3.65,4,8,THICK,0,0,0,0,CHORIOAMNIONITIS,0,0,0,0,0,0,0,0,7,1,7,18
0,34,1,1,0,0,CS,1,0,0,NO CULTURES,38,M,4.4,7,9,THIN,0,0,0,0,RESP,1,0,1,0,1,0,0,1,0,0,7,0
0,34,2,1,0,0,VAGINAL,0,1,1,NEG CULTURES,39,M,3.69,5,6,THIN,1,0,0,0,CHORIOAMNIONITIS,0,0,0,0,0,1,0,0,2,1,9,30
0,34,1,1,0,1,VAGINAL,0,0,1,NEG CULTURES,36.2,M,3.97,4,7,THIN,1,0,0,0,RESP,1,0,0,0,1,0,0,0,2,1,16,25
0,34,4,2,0,1,VAGINAL,0,0,1,NEG CULTURES,37.4,M,3.31,6,7,THIN,1,0,0,0,RESP,1,0,1,0,1,0,0,0,2,1,17,18
0,35,1,1,0,0,VAGINAL,0,0,1,NEG CULTURES,41.2,M,4.26,7,8,THIN,0,0,0,0,CHORIOAMNIONITIS,0,0,1,0,1,0,0,1,2,1,4,0
0,35,2,1,0,0,CS,1,0,0,NO CULTURES,39.5,F,3.48,2,8,THIN,1,0,0,0,RESP,1,0,1,0,1,0,0,0,2,1,6,18
0,36,2,2,0,0,VAGINAL,0,0,0,NO CULTURES,37.1,M,3.11,7,9,THIN,1,0,0,0,RESP,1,0,1,0,1,0,0,1,0,0,4,0
0,36,1,1,0,0,CS,1,0,0,NEG CULTURES,40.1,M,3.3,3,8,THIN,1,0,0,0,RESP,1,1,0,0,1,0,0,1,2,1,6,50
0,37,1,1,0,0,VAGINAL,0,0,1,NEG CULTURES,39.6,M,3.86,7,9,THIN,1,0,0,0,CHORIOAMNIONITIS,0,0,0,0,0,0,0,0,5,1,5,0
0,37,1,1,0,1,VAGINAL,0,0,1,NEG CULTURES,39.1,M,3.67,2,6,THIN,1,0,0,0,RESP,1,0,0,1,1,0,0,0,2,1,8,39
0,37,2,1,0,0,VAGINAL,0,0,0,NO CULTURES,40.6,M,2.6,6,5,THICK,1,0,0,0,RESP,1,0,1,0,0,0,0,0,2,1,8,18
0,38,5,2,0,0,CS,1,1,1,NEG CULTURES,39.5,F,3.87,2,7,THICK,1,0,0,0,RESP,1,0,0,1,1,0,0,0,10,0,10,18
0,39,2,1,0,1,VAGINAL,0,0,1,NEG CULTURES,38.5,F,3.38,5,8,THIN,1,0,0,0,CHORIOAMNIONITIS,0,0,0,0,1,0,0,0,5,0,8,23
0,42,1,1,0,0,VAGINAL,0,1,1,NEG CULTURES,40.1,M,3.75,7,9,THICK,0,0,0,0,CHORIOAMNIONITIS,0,0,0,0,0,0,0,0,2,0,4,0